Year,Rank,Continent,Country,GDP,Life,Freedom,Generosity,Corruption,,,,,,,
2019,1,Europe,Finland,1.34,0.986,0.596,0.153,0.393,,,,,,,
2019,2,Europe,Denmark,1.383,0.996,0.592,0.252,0.41,,,,,,,
2019,3,Europe,Norway,1.488,1.028,0.603,0.271,0.341,,,,,,,
2019,4,Europe,Iceland,1.38,1.026,0.591,0.354,0.118,,,,,,,
2019,5,Europe,Netherlands,1.396,0.999,0.557,0.322,0.298,,,,,,,
2019,6,Europe,Switzerland,1.452,1.052,0.572,0.263,0.343,,,,,,,
2019,7,Europe,Sweden,1.387,1.009,0.574,0.267,0.373,,,,,,,
2019,8,Oceania,New Zealand,1.303,1.026,0.585,0.33,0.38,,,,,,,
2019,9,North America,Canada,1.365,1.039,0.584,0.285,0.308,,,,,,,
2019,10,Europe,Austria,1.376,1.016,0.532,0.244,0.226,,,,,,,
2019,11,Oceania,Australia,1.372,1.036,0.557,0.332,0.29,,,,,,,
2019,12,North America,Costa Rica,1.034,0.963,0.558,0.144,0.093,,,,,,,
2019,13,Asia,Israel,1.276,1.029,0.371,0.261,0.082,,,,,,,
2019,14,Europe,Luxembourg,1.609,1.012,0.526,0.194,0.316,,,,,,,
2019,15,Europe,United Kingdom,1.333,0.996,0.45,0.348,0.278,,,,,,,
2019,16,Europe,Ireland,1.499,0.999,0.516,0.298,0.31,,,,,,,
2019,17,Europe,Germany,1.373,0.987,0.495,0.261,0.265,,,,,,,
2019,18,Europe,Belgium,1.356,0.986,0.473,0.16,0.21,,,,,,,
2019,19,North America,United States,1.433,0.874,0.454,0.28,0.128,,,,,,,
2019,20,Europe,Czech Republic,1.269,0.92,0.457,0.046,0.036,,,,,,,
2019,21,Asia,United Arab Emirates,1.503,0.825,0.598,0.262,0.182,,,,,,,
2019,22,Europe,Malta,1.3,0.999,0.564,0.375,0.151,,,,,,,
2019,23,North America,Mexico,1.07,0.861,0.433,0.074,0.073,,,,,,,
2019,24,Europe,France,1.324,1.045,0.436,0.111,0.183,,,,,,,
2019,25,Asia,Taiwan,1.368,0.914,0.351,0.242,0.097,,,,,,,
2019,26,South America,Chile,1.159,0.92,0.357,0.187,0.056,,,,,,,
2019,27,North America,Guatemala,0.8,0.746,0.535,0.175,0.078,,,,,,,
2019,28,Africa,Saudi Arabia,1.403,0.795,0.439,0.08,0.132,,,,,,,
2019,29,Africa,Qatar,1.684,0.871,0.555,0.22,0.167,,,,,,,
2019,30,Europe,Spain,1.286,1.062,0.362,0.153,0.079,,,,,,,
2019,31,North America,Panama,1.149,0.91,0.516,0.109,0.054,,,,,,,
2019,32,South America,Brazil,1.004,0.802,0.39,0.099,0.086,,,,,,,
2019,33,South America,Uruguay,1.124,0.891,0.523,0.127,0.15,,,,,,,
2019,34,Asia,Singapore,1.572,1.141,0.556,0.271,0.453,,,,,,,
2019,35,North America,El Salvador,0.794,0.789,0.43,0.093,0.074,,,,,,,
2019,36,Europe,Italy,1.294,1.039,0.231,0.158,0.03,,,,,,,
2019,37,Africa,Bahrain,1.362,0.871,0.536,0.255,0.11,,,,,,,
2019,38,Europe,Slovakia,1.246,0.881,0.334,0.121,0.014,,,,,,,
2019,39,South America,Trinidad & Tobago,1.231,0.713,0.489,0.185,0.016,,,,,,,
2019,40,Europe,Poland,1.206,0.884,0.483,0.117,0.05,,,,,,,
2019,41,Europe,Uzbekistan,0.745,0.756,0.631,0.322,0.24,,,,,,,
2019,42,Europe,Lithuania,1.238,0.818,0.291,0.043,0.042,,,,,,,
2019,43,South America,Colombia,0.985,0.841,0.47,0.099,0.034,,,,,,,
2019,44,Europe,Slovenia,1.258,0.953,0.564,0.144,0.057,,,,,,,
2019,45,North America,Nicaragua,0.694,0.835,0.435,0.2,0.127,,,,,,,
2019,46,Europe,Kosovo,0.882,0.758,0.489,0.262,0.006,,,,,,,
2019,47,South America,Argentina,1.092,0.881,0.471,0.066,0.05,,,,,,,
2019,48,Europe,Romania,1.162,0.825,0.462,0.083,0.005,,,,,,,
2019,49,Europe,Cyprus,1.263,1.042,0.406,0.19,0.041,,,,,,,
2019,50,South America,Ecuador,0.912,0.868,0.498,0.126,0.087,,,,,,,
2019,51,Asia,Kuwait,1.5,0.808,0.493,0.142,0.097,,,,,,,
2019,52,Asia,Thailand,1.05,0.828,0.557,0.359,0.028,,,,,,,
2019,53,Europe,Latvia,1.187,0.812,0.264,0.075,0.064,,,,,,,
2019,54,Europe,South Korea,1.301,1.036,0.159,0.175,0.056,,,,,,,
2019,55,Europe,Estonia,1.237,0.874,0.495,0.103,0.161,,,,,,,
2019,56,North America,Jamaica,0.831,0.831,0.49,0.107,0.028,,,,,,,
2019,57,Africa,Mauritius,1.12,0.798,0.498,0.215,0.06,,,,,,,
2019,58,Asia,Japan,1.327,1.088,0.445,0.069,0.14,,,,,,,
2019,59,North America,Honduras,0.642,0.828,0.507,0.246,0.078,,,,,,,
2019,60,Asia,Kazakhstan,1.173,0.729,0.41,0.146,0.096,,,,,,,
2019,61,South America,Bolivia,0.776,0.706,0.511,0.137,0.064,,,,,,,
2019,62,Europe,Hungary,1.201,0.828,0.199,0.081,0.02,,,,,,,
2019,63,South America,Paraguay,0.855,0.777,0.514,0.184,0.08,,,,,,,
2019,64,Europe,Northern Cyprus,1.263,1.042,0.417,0.191,0.162,,,,,,,
2019,65,South America,Peru,0.96,0.854,0.455,0.083,0.027,,,,,,,
2019,66,Europe,Portugal,1.221,0.999,0.508,0.047,0.025,,,,,,,
2019,67,Asia,Pakistan,0.677,0.535,0.313,0.22,0.098,,,,,,,
2019,68,Europe,Russia,1.183,0.726,0.334,0.082,0.031,,,,,,,
2019,69,Asia,Philippines,0.807,0.657,0.558,0.117,0.107,,,,,,,
2019,70,Europe,Serbia,1.004,0.854,0.282,0.137,0.039,,,,,,,
2019,71,Europe,Moldova,0.685,0.739,0.245,0.181,0,,,,,,,
2019,72,Africa,Libya,1.044,0.673,0.416,0.133,0.152,,,,,,,
2019,73,Europe,Montenegro,1.051,0.871,0.197,0.142,0.08,,,,,,,
2019,74,Europe,Tajikistan,0.493,0.718,0.389,0.23,0.144,,,,,,,
2019,75,Europe,Croatia,1.155,0.914,0.296,0.119,0.022,,,,,,,
2019,76,Asia,Hong Kong,1.438,1.122,0.44,0.258,0.287,,,,,,,
2019,77,North America,Dominican Republic,1.015,0.779,0.497,0.113,0.101,,,,,,,
2019,78,Europe,Bosnia and Herzegovina,0.945,0.845,0.212,0.263,0.006,,,,,,,
2019,79,Africa,Turkey,1.183,0.808,0.195,0.083,0.106,,,,,,,
2019,80,Asia,Malaysia,1.221,0.828,0.508,0.26,0.024,,,,,,,
2019,81,Europe,Belarus,1.067,0.789,0.235,0.094,0.142,,,,,,,
2019,82,Europe,Greece,1.181,0.999,0.067,0,0.034,,,,,,,
2019,83,Asia,Mongolia,0.948,0.667,0.317,0.235,0.038,,,,,,,
2019,84,Africa,Nigeria,0.696,0.245,0.426,0.215,0.041,,,,,,,
2019,85,Asia,Kyrgyzstan,0.551,0.723,0.508,0.3,0.023,,,,,,,
2019,86,Europe,Turkmenistan,1.052,0.657,0.394,0.244,0.028,,,,,,,
2019,87,Africa,Algeria,1.002,0.785,0.086,0.073,0.114,,,,,,,
2019,88,Africa,Morocco,0.801,0.782,0.418,0.036,0.076,,,,,,,
2019,89,Europe,Azerbaijan,1.043,0.769,0.351,0.035,0.182,,,,,,,
2019,90,Asia,Lebanon,0.987,0.815,0.216,0.166,0.027,,,,,,,
2019,91,Asia,Indonesia,0.931,0.66,0.491,0.498,0.028,,,,,,,
2019,92,Asia,China,1.029,0.893,0.521,0.058,0.1,,,,,,,
2019,93,Asia,Vietnam,0.741,0.851,0.543,0.147,0.073,,,,,,,
2019,94,Asia,Bhutan,0.813,0.604,0.457,0.37,0.167,,,,,,,
2019,95,Africa,Cameroon,0.549,0.331,0.381,0.187,0.037,,,,,,,
2019,96,Europe,Bulgaria,1.092,0.815,0.311,0.081,0.004,,,,,,,
2019,97,Africa,Ghana,0.611,0.486,0.381,0.245,0.04,,,,,,,
2019,98,Africa,Ivory Coast,0.569,0.232,0.352,0.154,0.09,,,,,,,
2019,99,Asia,Nepal,0.446,0.677,0.439,0.285,0.089,,,,,,,
2019,100,Africa,Jordan,0.837,0.815,0.383,0.11,0.13,,,,,,,
2019,101,Africa,Benin,0.393,0.397,0.349,0.175,0.082,,,,,,,
2019,102,Africa,Congo (Brazzaville),0.673,0.508,0.372,0.105,0.093,,,,,,,
2019,103,Africa,Gabon,1.057,0.571,0.295,0.043,0.055,,,,,,,
2019,104,Africa,South Africa,0.96,0.469,0.389,0.13,0.055,,,,,,,
2019,105,Europe,Albania,0.947,0.874,0.383,0.178,0.027,,,,,,,
2019,106,South America,Venezuela,0.96,0.805,0.154,0.064,0.047,,,,,,,
2019,107,Africa,Cambodia,0.574,0.637,0.609,0.232,0.062,,,,,,,
2019,108,Africa,Palestinian Territories,0.657,0.672,0.225,0.103,0.066,,,,,,,
2019,109,Africa,Senegal,0.45,0.571,0.292,0.153,0.072,,,,,,,
2019,110,Africa,Niger,0.138,0.366,0.318,0.188,0.102,,,,,,,
2019,111,Africa,Burkina Faso,0.331,0.38,0.255,0.177,0.113,,,,,,,
2019,112,Asia,Armenia,0.85,0.815,0.283,0.095,0.064,,,,,,,
2019,113,Asia,Iran,1.1,0.785,0.305,0.27,0.125,,,,,,,
2019,114,Africa,Guinea,0.38,0.375,0.332,0.207,0.086,,,,,,,
2019,115,Europe,Georgia,0.886,0.752,0.346,0.043,0.164,,,,,,,
2019,116,Africa,Kenya,0.512,0.581,0.431,0.372,0.053,,,,,,,
2019,117,Africa,Mauritania,0.57,0.489,0.066,0.106,0.088,,,,,,,
2019,118,Africa,Tunisia,0.921,0.815,0.167,0.059,0.055,,,,,,,
2019,119,Asia,Bangladesh,0.562,0.723,0.527,0.166,0.143,,,,,,,
2019,120,Asia,Iraq,1.043,0.574,0.241,0.148,0.089,,,,,,,
2019,121,Africa,Congo (Kinshasa),0.094,0.357,0.269,0.212,0.053,,,,,,,
2019,122,Africa,Mali,0.385,0.308,0.327,0.153,0.052,,,,,,,
2019,123,Africa,Sierra Leone,0.268,0.242,0.309,0.252,0.045,,,,,,,
2019,124,Asia,Sri Lanka,0.949,0.831,0.47,0.244,0.047,,,,,,,
2019,125,Asia,Myanmar,0.71,0.555,0.525,0.566,0.172,,,,,,,
2019,126,Africa,Chad,0.35,0.192,0.174,0.198,0.078,,,,,,,
2019,127,Europe,Ukraine,0.82,0.739,0.178,0.187,0.01,,,,,,,
2019,128,Africa,Ethiopia,0.336,0.532,0.344,0.209,0.1,,,,,,,
2019,129,Africa,Uganda,0.332,0.443,0.356,0.252,0.06,,,,,,,
2019,130,Africa,Egypt,0.913,0.644,0.241,0.076,0.067,,,,,,,
2019,131,Africa,Zambia,0.578,0.426,0.431,0.247,0.087,,,,,,,
2019,132,Africa,Togo,0.275,0.41,0.293,0.177,0.085,,,,,,,
2019,133,Asia,India,0.755,0.588,0.498,0.2,0.085,,,,,,,
2019,134,Africa,Liberia,0.073,0.443,0.37,0.233,0.033,,,,,,,
2019,135,Africa,Madagascar,0.274,0.555,0.148,0.169,0.041,,,,,,,
2019,136,Africa,Burundi,0.046,0.38,0.22,0.176,0.18,,,,,,,
2019,137,Africa,Zimbabwe,0.366,0.433,0.361,0.151,0.089,,,,,,,
2019,138,North America,Haiti,0.323,0.449,0.026,0.419,0.11,,,,,,,
2019,139,Africa,Botswana,1.041,0.538,0.455,0.025,0.1,,,,,,,
2019,140,Asia,Syria,0.619,0.44,0.013,0.331,0.141,,,,,,,
2019,141,Africa,Malawi,0.191,0.495,0.443,0.218,0.089,,,,,,, 
2019,142,Asia,Yemen,0.287,0.463,0.143,0.108,0.077,,,,,,,
2019,143,Africa,Rwanda,0.359,0.614,0.555,0.217,0.411,,,,,,,
2019,144,Africa,Tanzania,0.476,0.499,0.417,0.276,0.147,,,,,,,
2019,145,Asia,Afghanistan,0.35,0.361,0,0.158,0.025,,,,,,,
2018,1,Europe,Finland,1.305,0.874,0.681,0.202,0.393,,,,,,,
2018,2,Europe,Norway,1.456,0.861,0.686,0.286,0.34,,,,,,,
2018,3,Europe,Denmark,1.351,0.868,0.683,0.284,0.408,,,,,,,
2018,4,Europe,Iceland,1.343,0.914,0.677,0.353,0.138,,,,,,,
2018,5,Europe,Switzerland,1.42,0.927,0.66,0.256,0.357,,,,,,,
2018,6,Europe,Netherlands,1.361,0.878,0.638,0.333,0.295,,,,,,,
2018,7,Europe,Canada,1.33,0.896,0.653,0.321,0.291,,,,,,,
2018,8,Oceania,New Zealand,1.268,0.876,0.669,0.365,0.389,,,,,,,
2018,9,North America,Sweden,1.355,0.913,0.659,0.285,0.383,,,,,,,
2018,10,Europe,Australia,1.34,0.91,0.647,0.361,0.302,,,,,,,
2018,11,Oceania,United Kingdom,1.244,0.888,0.464,0.262,0.082,,,,,,,
2018,12,North America,Austria,1.341,0.891,0.617,0.242,0.224,,,,,,,
2018,13,Asia,Costa Rica,1.01,0.817,0.632,0.143,0.101,,,,,,,
2018,14,Europe,Ireland,1.448,0.876,0.614,0.307,0.306,,,,,,,
2018,15,Europe,Germany,1.34,0.861,0.586,0.273,0.28,,,,,,,
2018,16,Europe,Belgium,1.324,0.894,0.583,0.188,0.24,,,,,,,
2018,17,Europe,Luxembourg,1.576,0.896,0.632,0.196,0.321,,,,,,,
2018,18,Europe,United States,1.398,0.819,0.547,0.291,0.133,,,,,,,
2018,19,North America,Israel,1.301,0.883,0.533,0.354,0.272,,,,,,,
2018,20,Europe,United Arab Emirates,2.096,0.67,0.284,0.186,0,,,,,,,
2018,21,Asia,Czech Republic,1.233,0.854,0.543,0.064,0.034,,,,,,,
2018,22,Europe,Malta,1.27,0.884,0.645,0.376,0.142,,,,,,,
2018,23,North America,France,1.293,0.908,0.52,0.098,0.176,,,,,,,
2018,24,Europe,Mexico,1.038,0.761,0.479,0.069,0.095,,,,,,,
2018,25,Asia,Chile,1.131,0.808,0.431,0.197,0.061,,,,,,,
2018,26,South America,Taiwan,1.365,0.857,0.418,0.151,0.078,,,,,,,
2018,27,North America,Panama,1.112,0.759,0.597,0.125,0.063,,,,,,,
2018,28,Africa,Brazil,0.986,0.675,0.493,0.11,0.088,,,,,,,
2018,29,Africa,Argentina,1.073,0.744,0.57,0.062,0.054,,,,,,,
2018,30,Europe,Guatemala,0.781,0.608,0.604,0.179,0.071,,,,,,,
2018,31,North America,Uruguay,1.093,0.771,0.625,0.13,0.155,,,,,,,
2018,32,South America,Qatar,1.649,0.748,0.654,0.256,0.171,,,,,,,
2018,33,South America,Saudi Arabia,1.379,0.633,0.509,0.098,0.127,,,,,,,
2018,34,Asia,Singapore,1.529,1.008,0.631,0.261,0.457,,,,,,,
2018,35,North America,Malaysia,1.161,0.669,0.356,0.311,0.059,,,,,,,
2018,36,Europe,Spain,1.251,0.965,0.449,0.142,0.074,,,,,,,
2018,37,Africa,Colombia,0.96,0.635,0.531,0.099,0.039,,,,,,,
2018,38,Europe,Trinidad & Tobago,1.223,0.564,0.575,0.171,0.019,,,,,,,
2018,39,South America,Slovakia,1.21,0.776,0.354,0.118,0.014,,,,,,,
2018,40,Europe,El Salvador,0.806,0.639,0.461,0.065,0.082,,,,,,,
2018,41,Europe,Nicaragua,0.668,0.7,0.527,0.208,0.128,,,,,,,
2018,42,Europe,Poland,1.176,0.781,0.546,0.108,0.064,,,,,,,
2018,43,South America,Bahrain,1.338,0.698,0.594,0.243,0.123,,,,,,,
2018,44,Europe,Uzbekistan,0.719,0.605,0.724,0.328,0.259,,,,,,,
2018,45,North America,Kuwait,1.474,0.675,0.554,0.167,0.106,,,,,,,
2018,46,Europe,Thailand,1.016,0.707,0.637,0.364,0.029,,,,,,,
2018,47,South America,Italy,1.264,0.946,0.281,0.137,0.028,,,,,,,
2018,48,Europe,Ecuador,0.889,0.736,0.556,0.114,0.12,,,,,,,
2018,49,Europe,Lithuania,1.197,0.716,0.35,0.026,0.006,,,,,,,
2018,50,South America,Slovenia,1.219,0.856,0.633,0.16,0.051,,,,,,,
2018,51,Asia,Romania,1.116,0.726,0.528,0.088,0.001,,,,,,,
2018,52,Asia,Latvia,1.148,0.671,0.363,0.092,0.066,,,,,,,
2018,53,Europe,Japan,1.294,0.988,0.553,0.079,0.15,,,,,,,
2018,54,Europe,Mauritius,1.09,0.684,0.584,0.245,0.05,,,,,,,
2018,55,Europe,Jamaica,0.819,0.693,0.575,0.096,0.031,,,,,,,
2018,56,North America,South Korea,1.266,0.955,0.244,0.175,0.051,,,,,,,
2018,57,Africa,Northern Cyprus,1.229,0.909,0.495,0.179,0.154,,,,,,,
2018,58,Asia,Russia,1.151,0.599,0.399,0.065,0.025,,,,,,,
2018,59,North America,Kazakhstan,1.143,0.631,0.454,0.148,0.121,,,,,,,
2018,60,Asia,Cyprus,1.229,0.909,0.423,0.202,0.035,,,,,,,
2018,61,South America,Bolivia,0.751,0.508,0.606,0.141,0.054,,,,,,,
2018,62,Europe,Estonia,1.2,0.737,0.553,0.086,0.174,,,,,,,
2018,63,South America,Paraguay,0.835,0.615,0.541,0.162,0.074,,,,,,,
2018,64,Europe,Peru,0.934,0.674,0.53,0.092,0.034,,,,,,,
2018,65,South America,Kosovo,0.855,0.578,0.448,0.274,0.023,,,,,,,
2018,66,Europe,Moldova,0.657,0.62,0.232,0.171,0,,,,,,,
2018,67,Asia,Turkmenistan,1.016,0.517,0.417,0.199,0.037,,,,,,,
2018,68,Europe,Hungary,1.171,0.732,0.259,0.061,0.022,,,,,,,
2018,69,Asia,Libya,0.985,0.553,0.496,0.116,0.148,,,,,,,
2018,70,Europe,Philippines,0.775,0.513,0.643,0.12,0.105,,,,,,,
2018,71,Europe,Honduras,0.62,0.622,0.459,0.197,0.074,,,,,,,
2018,72,Africa,Belarus,1.039,0.7,0.307,0.101,0.154,,,,,,,
2018,73,Europe,Turkey,1.148,0.686,0.324,0.106,0.109,,,,,,,
2018,74,Europe,Pakistan,0.652,0.424,0.334,0.216,0.113,,,,,,,
2018,75,Europe,Hong Kong,1.405,1.03,0.524,0.246,0.291,,,,,,,
2018,76,Asia,Portugal,1.188,0.884,0.562,0.055,0.017,,,,,,,
2018,77,North America,Serbia,0.975,0.685,0.288,0.134,0.043,,,,,,,
2018,78,Europe,Greece,1.154,0.879,0.131,0,0.044,,,,,,,
2018,79,Africa,Lebanon,0.965,0.785,0.503,0.214,0.136,,,,,,,
2018,80,Asia,Montenegro,1.017,0.729,0.259,0.111,0.081,,,,,,,
2018,81,Europe,Croatia,1.115,0.737,0.38,0.12,0.039,,,,,,,
2018,82,Europe,Dominican Republic,0.982,0.614,0.578,0.12,0.106,,,,,,,
2018,83,Asia,Algeria,0.979,0.687,0.077,0.055,0.135,,,,,,,
2018,84,Africa,Morocco,0.779,0.669,0.46,0.026,0.074,,,,,,,
2018,85,Asia,China,0.989,0.799,0.597,0.029,0.103,,,,,,,
2018,86,Europe,Azerbaijan,1.024,0.603,0.43,0.031,0.176,,,,,,,
2018,87,Africa,Tajikistan,0.474,0.598,0.292,0.187,0.034,,,,,,,
2018,88,Africa,Jordan,0.822,0.645,0.468,0.13,0.134,,,,,,,
2018,89,Europe,Nigeria,0.689,0.048,0.462,0.201,0.032,,,,,,,
2018,90,Asia,Kyrgyzstan,0.53,0.594,0.54,0.281,0.035,,,,,,,
2018,91,Asia,Bosnia and Herzegovina,0.915,0.758,0.28,0.216,0,,,,,,,
2018,92,Asia,Mongolia,0.914,0.575,0.395,0.253,0.032,,,,,,,
2018,93,Asia,Vietnam,0.715,0.702,0.618,0.177,0.079,,,,,,,
2018,94,Asia,Indonesia,0.899,0.522,0.538,0.484,0.018,,,,,,,
2018,95,Africa,Bhutan,0.796,0.527,0.541,0.364,0.171,,,,,,,
2018,96,Europe,Cameroon,0.535,0.182,0.454,0.183,0.043,,,,,,,
2018,97,Africa,Bulgaria,1.054,0.712,0.359,0.064,0.009,,,,,,,
2018,98,Africa,Nepal,0.425,0.539,0.526,0.302,0.078,,,,,,,
2018,99,Asia,Venezuela,0.996,0.657,0.133,0.056,0.052,,,,,,,
2018,100,Africa,Gabon,1.036,0.404,0.356,0.032,0.052,,,,,,,
2018,101,Africa,Palestinian Territories,0.642,0.602,0.266,0.086,0.076,,,,,,,
2018,102,Africa,South Africa,0.94,0.33,0.516,0.103,0.056,,,,,,,
2018,103,Africa,Iran,1.059,0.691,0.459,0.282,0.129,,,,,,,
2018,104,Africa,Ivory Coast,0.541,0.08,0.467,0.146,0.103,,,,,,,
2018,105,Europe,Ghana,0.592,0.337,0.499,0.212,0.029,,,,,,,
2018,106,South America,Senegal,0.429,0.433,0.406,0.138,0.082,,,,,,,
2018,107,Africa,Tunisia,0.9,0.69,0.271,0.04,0.063,,,,,,,
2018,108,Africa,Albania,0.916,0.79,0.419,0.149,0.032,,,,,,,
2018,109,Africa,Sierra Leone,0.256,0,0.355,0.238,0.053,,,,,,,
2018,110,Africa,Congo (Brazzaville),0.682,0.343,0.514,0.091,0.077,,,,,,,
2018,111,Africa,Bangladesh,0.532,0.579,0.58,0.153,0.144,,,,,,,
2018,112,Asia,Sri Lanka,0.918,0.672,0.585,0.307,0.05,,,,,,,
2018,113,Asia,Iraq,1.01,0.536,0.304,0.148,0.095,,,,,,,
2018,114,Africa,Mali,0.37,0.152,0.367,0.139,0.056,,,,,,,
2018,115,Europe,Cambodia,0.549,0.457,0.696,0.256,0.065,,,,,,,
2018,116,Africa,Burkina Faso,0.314,0.254,0.312,0.175,0.128,,,,,,,
2018,117,Africa,Egypt,0.885,0.553,0.312,0.092,0.107,,,,,,,
2018,118,Africa,Kenya,0.493,0.454,0.504,0.352,0.055,,,,,,,
2018,119,Asia,Zambia,0.562,0.295,0.503,0.221,0.082,,,,,,,
2018,120,Asia,Mauritania,0.557,0.292,0.129,0.134,0.093,,,,,,,
2018,121,Africa,Ethiopia,0.308,0.391,0.452,0.22,0.146,,,,,,,
2018,122,Africa,Georgia,0.853,0.643,0.375,0.038,0.215,,,,,,,
2018,123,Africa,Armenia,0.816,0.666,0.26,0.077,0.028,,,,,,,
2018,124,Asia,Myanmar,0.682,0.429,0.58,0.598,0.178,,,,,,,
2018,125,Asia,Chad,0.358,0.053,0.189,0.181,0.06,,,,,,,
2018,126,Africa,Congo (Kinshasa),0.069,0.204,0.312,0.197,0.052,,,,,,,
2018,127,Europe,India,0.721,0.485,0.539,0.172,0.093,,,,,,,
2018,128,Africa,Niger,0.131,0.221,0.39,0.175,0.099,,,,,,,
2018,129,Africa,Uganda,0.322,0.237,0.45,0.259,0.061,,,,,,,
2018,130,Africa,Benin,0.378,0.24,0.44,0.163,0.067,,,,,,,
2018,131,Africa,Ukraine,0.793,0.609,0.163,0.187,0.011,,,,,,,
2018,132,Africa,Togo,0.259,0.253,0.434,0.158,0.101,,,,,,,
2018,133,Asia,Guinea,0.344,0.211,0.394,0.185,0.094,,,,,,,
2018,134,Africa,Madagascar,0.262,0.402,0.221,0.155,0.049,,,,,,,
2018,135,Africa,Zimbabwe,0.357,0.248,0.406,0.132,0.099,,,,,,,
2018,136,Africa,Afghanistan,0.332,0.255,0.085,0.191,0.036,,,,,,,
2018,137,Africa,Botswana,1.017,0.417,0.557,0.042,0.092,,,,,,,
2018,138,North America,Malawi,0.186,0.306,0.531,0.21,0.08,,,,,,,
2018,139,Africa,Haiti,0.315,0.289,0.025,0.392,0.104,,,,,,,
2018,140,Asia,Liberia,0.076,0.267,0.419,0.206,0.03,,,,,,,
2018,141,Africa,Syria,0.689,0.539,0.088,0.376,0.144,,,,,,,
2018,142,Asia,Rwanda,0.332,0.4,0.636,0.2,0.444,,,,,,,
2018,143,Africa,Yemen,0.442,0.343,0.244,0.083,0.064,,,,,,,
2018,144,Africa,Tanzania,0.455,0.381,0.481,0.27,0.097,,,,,,,
2018,145,Asia,Burundi,0.091,0.145,0.065,0.149,0.076,,,,,,,
2017,1,Europe,Norway,1.616463184,0.796666503,0.635422587,0.362012237,0.315963835,,,,,,,
2017,2,Europe,Denmark,1.482383013,0.792565525,0.626006722,0.355280489,0.400770068,,,,,,,
2017,3,Europe,Iceland,1.48063302,0.833552122,0.627162635,0.475540221,0.153526559,,,,,,,
2017,4,Europe,Switzerland,1.564979553,0.858131289,0.620070577,0.290549278,0.367007285,,,,,,,
2017,5,Europe,Finland,1.443571925,0.80915767,0.617950857,0.245482773,0.382611543,,,,,,,
2017,6,Europe,Netherlands,1.503944635,0.810696125,0.585384488,0.47048983,0.282661825,,,,,,,
2017,7,Europe,Canada,1.479204416,0.834557652,0.611100912,0.435539722,0.287371516,,,,,,,
2017,8,Oceania,New Zealand,1.405706048,0.816759706,0.61406213,0.500005126,0.382816702,,,,,,,
2017,9,North America,Sweden,1.494387269,0.830875158,0.612924099,0.385399252,0.384398729,,,,,,,
2017,10,Europe,Australia,1.484414935,0.843886793,0.601607382,0.47769925,0.30118373,,,,,,,
2017,11,Oceania,Israel,1.375382423,0.838404,0.405988604,0.330082655,0.0852421,,,,,,,
2017,12,North America,Costa Rica,1.109706283,0.759509265,0.58013165,0.214613229,0.100106589,,,,,,,
2017,13,Asia,Austria,1.487097263,0.815328419,0.56776619,0.316472322,0.221060365,,,,,,,
2017,14,Europe,United States,1.546259284,0.774286628,0.505740523,0.392578781,0.135638788,,,,,,,
2017,15,Europe,Ireland,1.535706639,0.809782624,0.573110342,0.427858323,0.298388153,,,,,,,
2017,16,Europe,Germany,1.487923384,0.798950732,0.562511384,0.33626917,0.276731938,,,,,,,
2017,17,Europe,Belgium,1.463780761,0.818091869,0.539770722,0.231503338,0.251343131,,,,,,,
2017,18,Europe,Luxembourg,1.741943598,0.845089495,0.596627891,0.283180982,0.318834424,,,,,,,
2017,19,North America,United Kingdom,1.44163394,0.805335939,0.508190036,0.492774159,0.265428066,,,,,,,
2017,20,Europe,Chile,1.25278461,0.819479704,0.376895279,0.326662421,0.082287982,,,,,,,
2017,21,Asia,United Arab Emirates,1.626343369,0.726798236,0.60834527,0.360941947,0.324489564,,,,,,,
2017,22,Europe,Brazil,1.10735321,0.616552353,0.437453747,0.162349895,0.111092761,,,,,,,
2017,23,North America,Czech Republic,1.352682352,0.754444003,0.490946174,0.088106759,0.036872927,,,,,,,
2017,24,Europe,Argentina,1.185295463,0.695137084,0.494519204,0.109457061,0.059739888,,,,,,,
2017,25,Asia,Mexico,1.153183818,0.709978998,0.412730008,0.120990433,0.132774115,,,,,,,
2017,26,South America,Singapore,1.69227767,0.949492395,0.549840569,0.345965981,0.464307785,,,,,,,
2017,27,North America,Malta,1.343279839,0.821944237,0.588767052,0.574730575,0.153066069,,,,,,,
2017,28,Africa,Uruguay,1.217559695,0.719216824,0.579392254,0.175096929,0.178061873,,,,,,,
2017,29,Africa,Guatemala,0.872001946,0.54023999,0.531310618,0.283488393,0.077223279,,,,,,,
2017,30,Europe,Panama,1.233748436,0.706156135,0.550026834,0.210556939,0.070983924,,,,,,,
2017,31,North America,France,1.430923462,0.844465852,0.470222116,0.129762307,0.172502428,,,,,,,
2017,32,South America,Thailand,1.127868772,0.647239029,0.580200732,0.57212311,0.031612735,,,,,,,
2017,33,South America,Taiwan Province of China,1.433626533,0.793984234,0.361466587,0.258360475,0.063829236,,,,,,,
2017,34,Asia,Spain,1.384397864,0.8889606,0.40878123,0.190133572,0.070914097,,,,,,,
2017,35,North America,Qatar,1.870765686,0.710098088,0.604130983,0.33047387,0.439299256,,,,,,,
2017,36,Europe,Colombia,1.070622325,0.595027924,0.477487415,0.149014473,0.046668742,,,,,,,
2017,37,Africa,Saudi Arabia,1.530623555,0.59014833,0.449750572,0.147616014,0.273432255,,,,,,,
2017,38,Europe,Trinidad and Tobago,1.361355901,0.519983292,0.518630743,0.325296462,0.008964816,,,,,,,
2017,39,South America,Kuwait,1.632952452,0.632105708,0.496337593,0.228289798,0.21515955,,,,,,,
2017,40,Europe,Slovakia,1.325393558,0.712732911,0.295817465,0.136544481,0.024210852,,,,,,,
2017,41,Europe,Bahrain,1.488412261,0.653133035,0.536746919,0.172668487,0.25704217,,,,,,,
2017,42,Europe,Malaysia,1.29121542,0.618784428,0.402264982,0.41660893,0.065600708,,,,,,,
2017,43,South America,Nicaragua,0.737299204,0.653095961,0.447551847,0.301674217,0.130687982,,,,,,,
2017,44,Europe,Ecuador,1.000820398,0.685636222,0.455198199,0.150112465,0.140134647,,,,,,,
2017,45,North America,El Salvador,0.909784496,0.596018553,0.43245253,0.078257985,0.08998096,,,,,,,
2017,46,Europe,Poland,1.291787863,0.699475348,0.520342112,0.158465967,0.059307806,,,,,,,
2017,47,South America,Uzbekistan,0.786441088,0.498272628,0.658248663,0.415983647,0.246528223,,,,,,,
2017,48,Europe,Italy,1.395066619,0.853144348,0.256450713,0.172789648,0.028028091,,,,,,,
2017,49,Europe,Russia,1.281778097,0.547349334,0.373783112,0.052263822,0.032962881,,,,,,,
2017,50,South America,Japan,1.416915178,0.913475871,0.505625546,0.120572768,0.163760737,,,,,,,
2017,51,Asia,Lithuania,1.314582348,0.62894994,0.234231785,0.010164657,0.011865643,,,,,,,
2017,52,Asia,Algeria,1.091864467,0.617584646,0.233335808,0.069436647,0.14609611,,,,,,,
2017,53,Europe,Latvia,1.260748625,0.638566971,0.325707912,0.153074786,0.073842727,,,,,,,
2017,54,Europe,South Korea,1.401678443,0.900214076,0.257921666,0.206674367,0.063282669,,,,,,,
2017,55,Europe,Moldova,0.72887063,0.589465201,0.240729049,0.208779126,0.010091286,,,,,,,
2017,56,North America,Romania,1.217683911,0.685158312,0.457003742,0.133519918,0.004387901,,,,,,,
2017,57,Africa,Bolivia,0.833756566,0.47363025,0.558732927,0.225560725,0.060477726,,,,,,,
2017,58,Asia,Turkmenistan,1.130776763,0.43772608,0.418271929,0.249924988,0.25927034,,,,,,,
2017,59,North America,Kazakhstan,1.28455627,0.606041551,0.437454283,0.201964423,0.119282886,,,,,,,
2017,60,Asia,North Cyprus,1.346911311,0.834647238,0.471203625,0.266845703,0.155353352,,,,,,,
2017,61,South America,Slovenia,1.341205955,0.790828228,0.572575808,0.242649093,0.045128979,,,,,,,
2017,62,Europe,Peru,1.035225272,0.630166113,0.450002879,0.126819715,0.047049087,,,,,,,
2017,63,South America,Mauritius,1.189395547,0.638007462,0.491247326,0.360933751,0.042181555,,,,,,,
2017,64,Europe,Cyprus,1.355938077,0.844714701,0.355111539,0.271254301,0.041237976,,,,,,,
2017,65,South America,Estonia,1.32087934,0.695168316,0.47913143,0.098890811,0.183248922,,,,,,,
2017,66,Europe,Belarus,1.15655756,0.637714267,0.295400262,0.155137509,0.156313822,,,,,,,
2017,67,Asia,Libya,1.101803064,0.52016902,0.46573323,0.152073666,0.09261021,,,,,,,
2017,68,Europe,Turkey,1.198274374,0.637605608,0.3007406,0.046693042,0.09967158,,,,,,,
2017,69,Asia,Paraguay,0.932537317,0.579250693,0.473507792,0.224150658,0.091065913,,,,,,,
2017,70,Europe,Hong Kong,1.551674843,0.943062425,0.490968645,0.374465793,0.293933749,,,,,,,
2017,71,Europe,Philippines,0.857699215,0.468009055,0.585214674,0.193513423,0.099331893,,,,,,,
2017,72,Africa,Serbia,1.069317579,0.650784671,0.208715528,0.220125884,0.040903781,,,,,,,
2017,73,Europe,Jordan,0.991012394,0.604590058,0.418421149,0.17217046,0.119803272,,,,,,,
2017,74,Europe,Hungary,1.286011934,0.687763453,0.175863519,0.078401662,0.036636937,,,,,,,
2017,75,Europe,Jamaica,0.925579309,0.641022384,0.474307239,0.233818337,0.055267781,,,,,,,
2017,76,Asia,Croatia,1.222556233,0.701288521,0.255772293,0.248002976,0.04310311,,,,,,,
2017,77,North America,Kosovo,0.951484382,0.54145205,0.260287941,0.319931448,0.057471618,,,,,,,
2017,78,Europe,China,1.081165791,0.741415501,0.472787708,0.028806841,0.022794275,,,,,,,
2017,79,Africa,Pakistan,0.726883531,0.402047783,0.235215262,0.315446019,0.124348067,,,,,,,
2017,80,Asia,Indonesia,0.995538592,0.492345721,0.443323463,0.611704588,0.015317135,,,,,,,
2017,81,Europe,Venezuela,1.128431201,0.617144227,0.153997123,0.06501963,0.064491123,,,,,,,
2017,82,Europe,Montenegro,1.121129036,0.667464674,0.194989055,0.197911024,0.088174194,,,,,,,
2017,83,Asia,Morocco,0.878114581,0.597710669,0.408158332,0.032209955,0.087763183,,,,,,,
2017,84,Africa,Azerbaijan,1.153601766,0.540775776,0.398155838,0.04526934,0.180987507,,,,,,,
2017,85,Asia,Dominican Republic,1.079373837,0.574873745,0.552589834,0.18696785,0.113945253,,,,,,,
2017,86,Europe,Greece,1.289487481,0.810198903,0.095731251,0,0.043289777,,,,,,,
2017,87,Africa,Lebanon,1.074987531,0.735081077,0.288515985,0.264450759,0.03751383,,,,,,,
2017,88,Africa,Portugal,1.315175295,0.795843542,0.4984653,0.095102713,0.015869452,,,,,,,
2017,89,Europe,Bosnia and Herzegovina,0.982409418,0.705186307,0.204403177,0.328867495,0,,,,,,,
2017,90,Asia,Honduras,0.730573118,0.58256948,0.34807986,0.236188874,0.073345453,,,,,,,
2017,91,Asia,Vietnam,0.788547575,0.652168989,0.571055591,0.234968051,0.087633237,,,,,,,
2017,92,Asia,Nigeria,0.783756256,0.05691573,0.394952565,0.230947196,0.026121566,,,,,,,
2017,93,Asia,Tajikistan,0.524713635,0.529235125,0.471566707,0.248997644,0.146377146,,,,,,,
2017,94,Asia,Bhutan,0.885416389,0.495879292,0.501537681,0.474054545,0.17338039,,,,,,,
2017,95,Africa,Kyrgyzstan,0.596220076,0.553457797,0.454943389,0.428580374,0.039439179,,,,,,,
2017,96,Europe,Nepal,0.479820192,0.504130781,0.440305948,0.394096166,0.072975546,,,,,,,
2017,97,Africa,Mongolia,1.027235866,0.557783484,0.394143969,0.33846423,0.032902289,,,,,,,
2017,98,Africa,South Africa,1.054698706,0.18708007,0.479246736,0.13936238,0.072509497,,,,,,,
2017,99,Asia,Tunisia,1.007265806,0.613212049,0.28968069,0.049693357,0.086723149,,,,,,,
2017,100,Africa,Palestinian Territories,0.716249228,0.565666974,0.254711062,0.114173174,0.089282602,,,,,,,
2017,101,Africa,Egypt,0.989701807,0.520187259,0.282110155,0.128631443,0.114381365,,,,,,,
2017,102,Africa,Bulgaria,1.161459088,0.70821768,0.289231718,0.113177694,0.011051531,,,,,,,
2017,103,Africa,Sierra Leone,0.368420929,0.005564754,0.318697691,0.293040901,0.071095176,,,,,,,
2017,104,Africa,Cameroon,0.564305365,0.132892117,0.430388749,0.236298457,0.051306631,,,,,,,
2017,105,Europe,Iran,1.156873107,0.639333189,0.249322608,0.387242913,0.048761073,,,,,,,
2017,106,South America,Albania,0.996192753,0.731159747,0.381498635,0.201312944,0.039864216,,,,,,,
2017,107,Africa,Bangladesh,0.586682975,0.533241034,0.478356659,0.172255352,0.123717859,,,,,,,
2017,108,Africa,Kenya,0.560479462,0.30998835,0.452763766,0.444860309,0.064641319,,,,,,,
2017,109,Africa,Myanmar,0.36711055,0.397522569,0.514492035,0.838075161,0.188816205,,,,,,,
2017,110,Africa,Senegal,0.479309022,0.409362853,0.377922267,0.183468893,0.115460448,,,,,,,
2017,111,Africa,Zambia,0.636406779,0.257835895,0.461603492,0.249580145,0.07821355,,,,,,,
2017,112,Asia,Iraq,1.102710485,0.50118047,0.288555533,0.199637264,0.107215755,,,,,,,
2017,113,Asia,Gabon,1.198210239,0.356578588,0.312328577,0.043785378,0.076046787,,,,,,,
2017,114,Africa,Ethiopia,0.339233845,0.353409708,0.408842742,0.31265074,0.165455714,,,,,,,
2017,115,Europe,Sri Lanka,1.009850144,0.625130832,0.561213255,0.490863562,0.073653966,,,,,,,
2017,116,Africa,Armenia,0.900596738,0.637524426,0.198303267,0.083488092,0.026674422,,,,,,,
2017,117,Africa,India,0.792221248,0.455427617,0.469987005,0.231538489,0.092226885,,,,,,,
2017,118,Africa,Mauritania,0.648457289,0.28534928,0.096098043,0.201870024,0.136957005,,,,,,,
2017,119,Asia,Congo (Brazzaville),0.808964252,0.289957434,0.435025871,0.120852128,0.079618134,,,,,,,
2017,120,Asia,Georgia,0.950612664,0.649546981,0.309410036,0.054008815,0.251666635,,,,,,,
2017,121,Africa,Congo (Kinshasa),0.092102349,0.191407025,0.235961348,0.246455833,0.060241356,,,,,,,
2017,122,Africa,Mali,0.476180494,0.169365674,0.306613743,0.183354199,0.104970247,,,,,,,
2017,123,Africa,Ivory Coast,0.603048921,0.04864217,0.447706193,0.20123747,0.130061775,,,,,,,
2017,124,Asia,Cambodia,0.601765096,0.429783404,0.633375823,0.385922968,0.068105951,,,,,,,
2017,125,Asia,Ghana,0.667224824,0.295637727,0.423026294,0.256923944,0.02533637,,,,,,,
2017,126,Africa,Ukraine,0.894651949,0.575903952,0.122974776,0.270061463,0.023029471,,,,,,,
2017,127,Europe,Uganda,0.381430715,0.217632607,0.443185955,0.325766057,0.057069719,,,,,,,
2017,128,Africa,Burkina Faso,0.350227714,0.215844259,0.324367851,0.250864685,0.120328106,,,,,,,
2017,129,Africa,Niger,0.161925331,0.268505007,0.363658696,0.228673846,0.138572946,,,,,,,
2017,130,Africa,Malawi,0.233442038,0.315089583,0.466914654,0.28717047,0.072711654,,,,,,,
2017,131,Africa,Chad,0.438012987,0.041134715,0.162342027,0.21611385,0.053581882,,,,,,,
2017,132,Africa,Zimbabwe,0.375846535,0.196763754,0.336384207,0.189143494,0.095375381,,,,,,,
2017,133,Asia,Afghanistan,0.401477218,0.180746779,0.10617952,0.311870933,0.06115783,,,,,,,
2017,134,Africa,Botswana,1.122094154,0.341755509,0.505196333,0.099348448,0.098583199,,,,,,,
2017,135,Africa,Benin,0.431085408,0.209930211,0.425962776,0.207948461,0.060929015,,,,,,,
2017,136,Africa,Madagascar,0.305808693,0.375223309,0.189196765,0.20873253,0.067231975,,,,,,,
2017,137,Africa,Haiti,0.368610263,0.27732113,0.030369857,0.489203781,0.09987215,,,,,,,
2017,138,North America,Yemen,0.591683447,0.310080916,0.249463722,0.104125209,0.056767423,,,,,,,
2017,139,Africa,Liberia,0.119041793,0.229918197,0.332881182,0.266549885,0.038948249,,,,,,,
2017,140,Asia,Guinea,0.24454993,0.194129139,0.348587513,0.264815092,0.110937618,,,,,,,
2017,141,Africa,Togo,0.305444717,0.247105569,0.380426139,0.196896151,0.095665015,,,,,,,
2017,142,Asia,Rwanda,0.368745893,0.326424807,0.581843853,0.252756029,0.455220014,,,,,,,
2017,143,Africa,Syria,0.777153134,0.500533342,0.081539445,0.493663728,0.151347131,,,,,,,
2017,144,Africa,Tanzania,0.511135876,0.364509284,0.390017778,0.354256362,0.066035107,,,,,,,
2017,145,Asia,Burundi,0.091622569,0.151610792,0.059900753,0.204435185,0.084147945,,,,,,,
2016,1,Europe,Denmark,1.44178,0.79504,0.57941,0.36171,0.44453,,,,,,,
2016,2,Europe,Switzerland,1.52733,0.86303,0.58557,0.28083,0.41203,,,,,,,
2016,3,Europe,Iceland,1.42666,0.86733,0.56624,0.47678,0.14975,,,,,,,
2016,4,Europe,Norway,1.57744,0.79579,0.59609,0.37895,0.35776,,,,,,,
2016,5,Europe,Finland,1.40598,0.81091,0.57104,0.25492,0.41004,,,,,,,
2016,6,Europe,Canada,1.44015,0.8276,0.5737,0.44834,0.31329,,,,,,,
2016,7,Europe,Netherlands,1.46468,0.81231,0.55211,0.47416,0.29927,,,,,,,
2016,8,Oceania,New Zealand,1.36066,0.83096,0.58147,0.49401,0.41904,,,,,,,
2016,9,North America,Australia,1.44443,0.8512,0.56837,0.47407,0.32331,,,,,,,
2016,10,Europe,Sweden,1.45181,0.83121,0.58218,0.38254,0.40867,,,,,,,
2016,11,Oceania,Israel,1.33766,0.84917,0.36432,0.32288,0.08728,,,,,,,
2016,12,North America,Austria,1.45038,0.80565,0.54355,0.32865,0.21348,,,,,,,
2016,13,Asia,United States,1.50796,0.779,0.48163,0.41077,0.14868,,,,,,,
2016,14,Europe,Costa Rica,1.06879,0.76146,0.55225,0.22553,0.10547,,,,,,,
2016,15,Europe,Germany,1.44787,0.81487,0.53466,0.30452,0.28551,,,,,,,
2016,16,Europe,Brazil,1.08754,0.61415,0.40425,0.15776,0.14166,,,,,,,
2016,17,Europe,Belgium,1.42539,0.81959,0.51354,0.2424,0.26248,,,,,,,
2016,18,Europe,Ireland,1.48341,0.81455,0.54008,0.44963,0.29754,,,,,,,
2016,19,North America,Luxembourg,1.69752,0.84542,0.5487,0.27571,0.35329,,,,,,,
2016,20,Europe,Mexico,1.11508,0.71143,0.37709,0.11735,0.18355,,,,,,,
2016,21,Asia,Singapore,1.64555,0.94719,0.4877,0.32706,0.46987,,,,,,,
2016,22,Europe,United Kingdom,1.40283,0.80991,0.50036,0.50156,0.27399,,,,,,,
2016,23,North America,Chile,1.2167,0.81883,0.37789,0.31595,0.11451,,,,,,,
2016,24,Europe,Panama,1.18306,0.70835,0.48927,0.2418,0.08423,,,,,,,
2016,25,Asia,Argentina,1.15137,0.69711,0.42284,0.10989,0.07296,,,,,,,
2016,26,South America,Czech Republic,1.30915,0.76376,0.41418,0.09929,0.03986,,,,,,,
2016,27,North America,United Arab Emirates,1.57352,0.72993,0.56215,0.26591,0.35561,,,,,,,
2016,28,Africa,Uruguay,1.18157,0.72183,0.54388,0.18056,0.21394,,,,,,,
2016,29,Africa,Malta,1.30782,0.80315,0.54994,0.56237,0.17554,,,,,,,
2016,30,Europe,Colombia,1.03032,0.59659,0.44735,0.15626,0.05399,,,,,,,
2016,31,North America,France,1.39488,0.83795,0.46562,0.1216,0.17808,,,,,,,
2016,32,South America,Thailand,1.0893,0.64915,0.49553,0.58696,0.02833,,,,,,,
2016,33,South America,Saudi Arabia,1.48953,0.59267,0.37904,0.15457,0.30008,,,,,,,
2016,34,Asia,Taiwan,1.39729,0.79565,0.32377,0.25495,0.0663,,,,,,,
2016,34,North America,Qatar,1.82427,0.71723,0.56679,0.32388,0.48049,,,,,,,
2016,36,Europe,Spain,1.34253,0.87896,0.37545,0.17665,0.06137,,,,,,,
2016,37,Africa,Algeria,1.05266,0.61804,0.21006,0.07044,0.16157,,,,,,,
2016,38,Europe,Guatemala,0.83454,0.54039,0.50379,0.28808,0.08701,,,,,,,
2016,39,South America,Kuwait,1.61714,0.63569,0.43166,0.15965,0.23669,,,,,,,
2016,40,Europe,Bahrain,1.44024,0.65696,0.47375,0.17147,0.25772,,,,,,,
2016,41,Europe,Trinidad and Tobago,1.32572,0.52608,0.48453,0.31935,0.01241,,,,,,,
2016,42,Europe,Venezuela,1.13367,0.61904,0.19847,0.0425,0.08304,,,,,,,
2016,43,South America,Slovakia,1.27973,0.70367,0.23391,0.13837,0.02947,,,,,,,
2016,44,Europe,El Salvador,0.8737,0.596,0.37269,0.08877,0.10613,,,,,,,
2016,45,North America,Malaysia,1.25142,0.62366,0.39031,0.41474,0.09081,,,,,,,
2016,46,Europe,Nicaragua,0.69384,0.65213,0.46582,0.29773,0.16292,,,,,,,
2016,47,South America,Uzbekistan,0.73591,0.50163,0.60848,0.34326,0.28333,,,,,,,
2016,48,Europe,Italy,1.35495,0.85102,0.18827,0.16684,0.02556,,,,,,,
2016,49,Europe,Ecuador,0.97306,0.68613,0.4027,0.10074,0.18037,,,,,,,
2016,50,South America,Japan,1.38007,0.91491,0.46761,0.10224,0.18985,,,,,,,
2016,51,Asia,Kazakhstan,1.22943,0.57386,0.4052,0.15011,0.11132,,,,,,,
2016,52,Asia,Moldova,0.69177,0.52309,0.25202,0.19997,0.01903,,,,,,,
2016,53,Europe,Russia,1.23228,0.58991,0.32682,0.02736,0.03586,,,,,,,
2016,54,Europe,Poland,1.24585,0.69058,0.4519,0.14443,0.055,,,,,,,
2016,55,Europe,South Korea,1.35948,0.88645,0.25168,0.18824,0.07716,,,,,,,
2016,56,North America,Bolivia,0.79422,0.4697,0.50961,0.21698,0.07746,,,,,,,
2016,57,Africa,Lithuania,1.2692,0.64674,0.18929,0.02025,0.0182,,,,,,,
2016,57,Asia,Belarus,1.13062,0.63104,0.29091,0.13942,0.17457,,,,,,,
2016,59,North America,North Cyprus,1.31141,0.84142,0.43596,0.26322,0.16578,,,,,,,
2016,60,Asia,Slovenia,1.29947,0.79151,0.53164,0.25738,0.03635,,,,,,,
2016,61,South America,Peru,0.99602,0.62994,0.37502,0.14527,0.05292,,,,,,,
2016,62,Europe,Turkmenistan,1.08017,0.44006,0.37408,0.22567,0.28467,,,,,,,
2016,63,South America,Mauritius,1.14372,0.66189,0.46145,0.36951,0.05203,,,,,,,
2016,64,Europe,Libya,1.06688,0.52304,0.40672,0.17087,0.10339,,,,,,,
2016,65,South America,Latvia,1.21788,0.63952,0.27996,0.17445,0.0889,,,,,,,
2016,66,Europe,Cyprus,1.31857,0.8488,0.29507,0.27906,0.05228,,,,,,,
2016,67,Asia,Paraguay,0.89373,0.58295,0.46235,0.25296,0.07396,,,,,,,
2016,68,Europe,Romania,1.1697,0.67602,0.36712,0.12889,0.00679,,,,,,,
2016,69,Asia,Estonia,1.27964,0.68098,0.41511,0.08423,0.18519,,,,,,,
2016,70,Europe,Jamaica,0.89333,0.59469,0.43597,0.22245,0.04294,,,,,,,
2016,71,Europe,Croatia,1.18649,0.70524,0.23907,0.18434,0.04002,,,,,,,
2016,72,Africa,Hong Kong,1.5107,0.95277,0.48079,0.40097,0.31647,,,,,,,
2016,73,Europe,Kosovo,0.90145,0.54,0.14396,0.27992,0.06547,,,,,,,
2016,74,Europe,Turkey,1.16492,0.64718,0.23889,0.04707,0.12348,,,,,,,
2016,75,Europe,Indonesia,0.95104,0.49374,0.39237,0.56521,0.00322,,,,,,,
2016,76,Asia,Jordan,0.99673,0.60712,0.36023,0.14262,0.13297,,,,,,,
2016,77,North America,Azerbaijan,1.12373,0.54504,0.35327,0.0564,0.17914,,,,,,,
2016,78,Europe,Philippines,0.81217,0.47036,0.54854,0.21674,0.11757,,,,,,,
2016,79,Africa,China,1.0278,0.73561,0.44012,0.04959,0.02745,,,,,,,
2016,80,Asia,Bhutan,0.8527,0.49759,0.46074,0.48546,0.1616,,,,,,,
2016,81,Europe,Kyrgyzstan,0.56044,0.55449,0.40212,0.38432,0.04762,,,,,,,
2016,82,Europe,Serbia,1.03437,0.6458,0.15718,0.20737,0.04339,,,,,,,
2016,83,Asia,Bosnia and Herzegovina,0.93383,0.70766,0.09511,0.29889,0,,,,,,,
2016,84,Africa,Montenegro,1.07838,0.63533,0.15111,0.17191,0.12721,,,,,,,
2016,85,Asia,Dominican Republic,1.02787,0.57669,0.52259,0.21286,0.12372,,,,,,,
2016,86,Europe,Morocco,0.84058,0.59471,0.25646,0.04053,0.08404,,,,,,,
2016,87,Africa,Hungary,1.24142,0.67608,0.1977,0.099,0.04472,,,,,,,
2016,88,Africa,Pakistan,0.68816,0.40306,0.14622,0.31185,0.1388,,,,,,,
2016,89,Europe,Lebanon,1.12268,0.76171,0.26228,0.23693,0.03061,,,,,,,
2016,90,Asia,Portugal,1.27607,0.79363,0.44727,0.11691,0.01521,,,,,,,
2016,91,Asia,Vietnam,0.74037,0.66157,0.55954,0.25075,0.11556,,,,,,,
2016,92,Asia,Tunisia,0.97724,0.59577,0.23553,0.03936,0.0817,,,,,,,
2016,93,Asia,Greece,1.24886,0.80029,0.05822,0,0.04127,,,,,,,
2016,94,Asia,Tajikistan,0.48835,0.53119,0.43408,0.25998,0.13509,,,,,,,
2016,95,Africa,Mongolia,0.98853,0.55469,0.35972,0.34539,0.03285,,,,,,,
2016,96,Europe,Nigeria,0.75216,0.05108,0.27854,0.23219,0.0305,,,,,,,
2016,97,Africa,Honduras,0.69429,0.58383,0.26755,0.2044,0.06906,,,,,,,
2016,98,Africa,Iran,1.11758,0.64232,0.22544,0.38538,0.0557,,,,,,,
2016,99,Asia,Zambia,0.61202,0.23573,0.42662,0.17866,0.11479,,,,,,,
2016,100,Africa,Nepal,0.44626,0.50073,0.37012,0.3816,0.07008,,,,,,,
2016,101,Africa,Palestinian Territories,0.67024,0.56844,0.17744,0.11154,0.10613,,,,,,,
2016,102,Africa,Albania,0.9553,0.73007,0.31866,0.1684,0.05301,,,,,,,
2016,103,Africa,Bangladesh,0.54177,0.52989,0.39778,0.19132,0.12583,,,,,,,
2016,104,Africa,Sierra Leone,0.36485,0,0.30685,0.23897,0.08196,,,,,,,
2016,105,Europe,Iraq,1.07474,0.51076,0.24856,0.19589,0.13636,,,,,,,
2016,106,South America,Cameroon,0.52497,0.12698,0.42736,0.2268,0.06126,,,,,,,
2016,107,Africa,Ethiopia,0.29283,0.34578,0.36703,0.29522,0.1717,,,,,,,
2016,108,Africa,South Africa,1.02416,0.18611,0.42483,0.13656,0.08415,,,,,,,
2016,109,Africa,Sri Lanka,0.97318,0.62007,0.50817,0.46978,0.07964,,,,,,,
2016,110,Africa,India,0.74036,0.45091,0.40285,0.25028,0.08722,,,,,,,
2016,111,Africa,Myanmar,0.34112,0.3988,0.42692,0.81971,0.20243,,,,,,,
2016,112,Asia,Egypt,0.95395,0.52116,0.18847,0.12706,0.10393,,,,,,,
2016,113,Asia,Armenia,0.86086,0.64083,0.14037,0.07793,0.03616,,,,,,,
2016,114,Africa,Kenya,0.52267,0.30147,0.40576,0.41328,0.06686,,,,,,,
2016,115,Europe,Ukraine,0.87287,0.58628,0.12859,0.20363,0.01829,,,,,,,
2016,116,Africa,Ghana,0.63107,0.29681,0.40973,0.21203,0.0326,,,,,,,
2016,117,Africa,Congo (Kinshasa),0.05661,0.188,0.15602,0.25458,0.06075,,,,,,,
2016,118,Africa,Georgia,0.83792,0.64035,0.32461,0.06786,0.3188,,,,,,,
2016,119,Asia,Congo (Brazzaville),0.77109,0.28212,0.37938,0.12077,0.09753,,,,,,,
2016,120,Asia,Senegal,0.44314,0.40457,0.31056,0.19103,0.11681,,,,,,,
2016,121,Africa,Bulgaria,1.11306,0.67806,0.21219,0.12793,0.00615,,,,,,,
2016,122,Africa,Mauritania,0.61391,0.28639,0.1268,0.22686,0.17955,,,,,,,
2016,123,Africa,Zimbabwe,0.35041,0.1595,0.25429,0.18503,0.08582,,,,,,,
2016,124,Asia,Malawi,0.08709,0.29364,0.4143,0.30968,0.07564,,,,,,,
2016,125,Asia,Gabon,1.15851,0.3494,0.28098,0.06244,0.09314,,,,,,,
2016,126,Africa,Mali,0.31292,0.16347,0.27544,0.21064,0.13647,,,,,,,
2016,127,Europe,Haiti,0.34097,0.27494,0.12072,0.47958,0.14476,,,,,,,
2016,128,Africa,Botswana,1.09426,0.34752,0.44089,0.12425,0.10769,,,,,,,
2016,129,Africa,Ivory Coast,0.55507,0.04476,0.40663,0.20338,0.1553,,,,,,,
2016,130,Africa,Cambodia,0.55604,0.42494,0.58852,0.40339,0.08092,,,,,,,
2016,131,Africa,Niger,0.1327,0.26162,0.38041,0.2097,0.17176,,,,,,,
2016,132,Africa,Chad,0.42214,0.03824,0.12807,0.18667,0.04952,,,,,,,
2016,133,Asia,Burkina Faso,0.31995,0.21297,0.3337,0.24353,0.12533,,,,,,,
2016,134,Africa,Uganda,0.34719,0.19625,0.43653,0.27102,0.06442,,,,,,,
2016,135,Africa,Yemen,0.57939,0.31048,0.2287,0.09821,0.05892,,,,,,,
2016,136,Africa,Madagascar,0.27954,0.37109,0.13684,0.2204,0.07506,,,,,,,
2016,137,Africa,Tanzania,0.47155,0.357,0.3176,0.31472,0.05099,,,,,,,
2016,138,North America,Liberia,0.10706,0.23165,0.25748,0.24063,0.04852,,,,,,,
2016,139,Africa,Guinea,0.22415,0.18829,0.30953,0.29914,0.1192,,,,,,,
2016,140,Asia,Rwanda,0.32846,0.31865,0.5432,0.23552,0.50521,,,,,,,
2016,141,Africa,Benin,0.39499,0.21028,0.39747,0.2018,0.06681,,,,,,,
2016,142,Asia,Afghanistan,0.38227,0.17344,0.1643,0.31268,0.07112,,,,,,,
2016,143,Africa,Togo,0.28123,0.24811,0.34678,0.17517,0.11587,,,,,,,
2016,144,Africa,Syria,0.74719,0.62994,0.06912,0.48397,0.17233,,,,,,,
2016,145,Asia,Burundi,0.06831,0.15747,0.0432,0.2029,0.09419,,,,,,,
2015,1,Europe,Switzerland,1.39651,0.94143,0.66557,0.29678,0.41978,,,,,,,
2015,2,Europe,Iceland,1.30232,0.94784,0.62877,0.4363,0.14145,,,,,,,
2015,3,Europe,Denmark,1.32548,0.87464,0.64938,0.34139,0.48357,,,,,,,
2015,4,Europe,Norway,1.459,0.88521,0.66973,0.34699,0.36503,,,,,,,
2015,5,Europe,Canada,1.32629,0.90563,0.63297,0.45811,0.32957,,,,,,,
2015,6,Europe,Finland,1.29025,0.88911,0.64169,0.23351,0.41372,,,,,,,
2015,7,Europe,Netherlands,1.32944,0.89284,0.61576,0.4761,0.31814,,,,,,,
2015,8,Oceania,Sweden,1.33171,0.91087,0.6598,0.36262,0.43844,,,,,,,
2015,9,North America,New Zealand,1.25018,0.90837,0.63938,0.47501,0.42922,,,,,,,
2015,10,Europe,Australia,1.33358,0.93156,0.65124,0.43562,0.35637,,,,,,,
2015,11,Oceania,Israel,1.22857,0.91387,0.41319,0.33172,0.07785,,,,,,,
2015,12,North America,Costa Rica,0.95578,0.86027,0.63376,0.25497,0.10583,,,,,,,
2015,13,Asia,Austria,1.33723,0.89042,0.62433,0.33088,0.18676,,,,,,,
2015,14,Europe,Mexico,1.02054,0.81444,0.48181,0.14074,0.21312,,,,,,,
2015,15,Europe,United States,1.39451,0.86179,0.54604,0.40105,0.1589,,,,,,,
2015,16,Europe,Brazil,0.98124,0.69702,0.49049,0.14574,0.17521,,,,,,,
2015,17,Europe,Luxembourg,1.56391,0.91894,0.61583,0.28034,0.37798,,,,,,,
2015,18,Europe,Ireland,1.33596,0.89533,0.61777,0.45901,0.28703,,,,,,,
2015,19,North America,Belgium,1.30782,0.89667,0.5845,0.2225,0.2254,,,,,,,
2015,20,Europe,United Arab Emirates,1.42727,0.80925,0.64157,0.26428,0.38583,,,,,,,
2015,21,Asia,United Kingdom,1.26637,0.90943,0.59625,0.51912,0.32067,,,,,,,
2015,22,Europe,Venezuela,1.04424,0.72052,0.42908,0.05841,0.11069,,,,,,,
2015,23,North America,Singapore,1.52186,1.02525,0.54252,0.31105,0.4921,,,,,,,
2015,24,Europe,Panama,1.06353,0.79661,0.5421,0.24434,0.0927,,,,,,,
2015,25,Asia,Germany,1.32792,0.89186,0.61477,0.28214,0.21843,,,,,,,
2015,26,South America,Chile,1.10715,0.85857,0.44132,0.33363,0.12869,,,,,,,
2015,27,North America,Qatar,1.69042,0.79733,0.6404,0.32573,0.52208,,,,,,,
2015,28,Africa,France,1.27778,0.94579,0.55011,0.12332,0.20646,,,,,,,
2015,29,Africa,Argentina,1.05351,0.78723,0.44974,0.11451,0.08484,,,,,,,
2015,30,Europe,Czech Republic,1.17898,0.84483,0.46364,0.10686,0.02652,,,,,,,
2015,31,North America,Uruguay,1.06166,0.8116,0.60362,0.2324,0.24558,,,,,,,
2015,32,South America,Colombia,0.91861,0.69077,0.53466,0.18401,0.0512,,,,,,,
2015,33,South America,Thailand,0.9669,0.7385,0.55664,0.5763,0.03187,,,,,,,
2015,34,Asia,Saudi Arabia,1.39541,0.72025,0.31048,0.13706,0.32524,,,,,,,
2015,35,North America,Spain,1.23011,0.95562,0.45951,0.18227,0.06398,,,,,,,
2015,36,Europe,Malta,1.2074,0.88721,0.60365,0.51752,0.13586,,,,,,,
2015,37,Africa,Taiwan,1.29098,0.8753,0.3974,0.25376,0.08129,,,,,,,
2015,38,Europe,Kuwait,1.55422,0.72492,0.55499,0.16228,0.25609,,,,,,,
2015,39,South America,Trinidad and Tobago,1.21183,0.61483,0.55884,0.31844,0.0114,,,,,,,
2015,40,Europe,El Salvador,0.76454,0.67737,0.4035,0.10692,0.11776,,,,,,,
2015,41,Europe,Guatemala,0.74553,0.64425,0.57733,0.27489,0.09472,,,,,,,
2015,42,Europe,Uzbekistan,0.63244,0.59772,0.65821,0.22837,0.30826,,,,,,,
2015,43,South America,Slovakia,1.16891,0.78902,0.31751,0.16893,0.03431,,,,,,,
2015,44,Europe,Japan,1.27074,0.99111,0.49615,0.10705,0.1806,,,,,,,
2015,45,North America,South Korea,1.24461,0.96538,0.33208,0.18557,0.07857,,,,,,,
2015,46,Europe,Ecuador,0.86402,0.79075,0.48574,0.11541,0.1809,,,,,,,
2015,47,South America,Bahrain,1.32376,0.74716,0.45492,0.17362,0.306,,,,,,,
2015,48,Europe,Italy,1.25114,0.95446,0.26236,0.22823,0.02901,,,,,,,
2015,49,Europe,Bolivia,0.68133,0.5392,0.57414,0.20536,0.088,,,,,,,
2015,50,South America,Moldova,0.59448,0.61826,0.32818,0.20951,0.01615,,,,,,,
2015,51,Asia,Paraguay,0.75985,0.66098,0.53899,0.3424,0.08242,,,,,,,
2015,52,Asia,Kazakhstan,1.12254,0.64368,0.51649,0.11827,0.08454,,,,,,,
2015,53,Europe,Slovenia,1.18498,0.87337,0.60855,0.25328,0.03787,,,,,,,
2015,54,Europe,Lithuania,1.14723,0.73128,0.21342,0.02641,0.01031,,,,,,,
2015,55,Europe,Nicaragua,0.59325,0.74314,0.55475,0.27815,0.19317,,,,,,,
2015,56,North America,Peru,0.90019,0.73017,0.41496,0.14982,0.05989,,,,,,,
2015,57,Africa,Belarus,1.03192,0.73608,0.37938,0.11046,0.1909,,,,,,,
2015,58,Asia,Poland,1.12555,0.77903,0.53122,0.16759,0.04212,,,,,,,
2015,59,North America,Malaysia,1.12486,0.72394,0.53024,0.33075,0.10501,,,,,,,
2015,60,Asia,Croatia,1.08254,0.78805,0.25883,0.05444,0.0243,,,,,,,
2015,61,South America,Libya,1.13145,0.7038,0.41668,0.18295,0.11023,,,,,,,
2015,62,Europe,Russia,1.13764,0.66926,0.36679,0.00199,0.03005,,,,,,,
2015,63,South America,Jamaica,0.81038,0.68741,0.50442,0.2123,0.02299,,,,,,,
2015,64,Europe,North Cyprus,1.20806,0.92356,0.49027,0.26169,0.1428,,,,,,,
2015,65,South America,Cyprus,1.20813,0.92356,0.40672,0.30638,0.06146,,,,,,,
2015,66,Europe,Algeria,0.93929,0.61766,0.28579,0.07822,0.17383,,,,,,,
2015,67,Asia,Kosovo,0.80148,0.63132,0.24749,0.2831,0.04741,,,,,,,
2015,68,Europe,Turkmenistan,0.95847,0.53886,0.4761,0.16979,0.30844,,,,,,,
2015,69,Asia,Mauritius,1.00761,0.7095,0.56066,0.37744,0.07521,,,,,,,
2015,70,Europe,Hong Kong,1.38604,1.01328,0.59608,0.39478,0.37124,,,,,,,
2015,71,Europe,Estonia,1.15174,0.77361,0.44888,0.0868,0.15184,,,,,,,
2015,72,Africa,Indonesia,0.82827,0.63793,0.46611,0.51535,0,,,,,,,
2015,73,Europe,Vietnam,0.63216,0.74676,0.59444,0.1686,0.10441,,,,,,,
2015,74,Europe,Turkey,1.06098,0.73172,0.22815,0.12253,0.15746,,,,,,,
2015,75,Europe,Kyrgyzstan,0.47428,0.65088,0.43477,0.3003,0.04232,,,,,,,
2015,76,Asia,Nigeria,0.65435,0.16007,0.34334,0.27233,0.0403,,,,,,,
2015,77,North America,Bhutan,0.77042,0.57407,0.53206,0.47998,0.15445,,,,,,,
2015,78,Europe,Azerbaijan,1.02389,0.64045,0.3703,0.07799,0.16065,,,,,,,
2015,79,Africa,Pakistan,0.59543,0.51466,0.12102,0.33671,0.10464,,,,,,,
2015,80,Asia,Jordan,0.90198,0.69639,0.40661,0.11053,0.14293,,,,,,,
2015,81,Europe,Montenegro,0.97438,0.72521,0.1826,0.1614,0.14296,,,,,,,
2015,82,Europe,China,0.89012,0.81658,0.51697,0.08185,0.02781,,,,,,,
2015,82,Asia,Zambia,0.47038,0.29924,0.48827,0.19591,0.12468,,,,,,,
2015,84,Africa,Romania,1.04345,0.7689,0.35068,0.13748,0.00649,,,,,,,
2015,85,Asia,Serbia,0.92053,0.74836,0.20107,0.19231,0.02617,,,,,,,
2015,86,Europe,Portugal,1.15991,0.87519,0.51469,0.13719,0.01078,,,,,,,
2015,87,Africa,Latvia,1.11312,0.72437,0.29671,0.18226,0.06332,,,,,,,
2015,88,Africa,Philippines,0.70532,0.58114,0.62545,0.24991,0.12279,,,,,,,
2015,89,Europe,Morocco,0.73479,0.60954,0.41691,0.07172,0.08546,,,,,,,
2015,90,Asia,Albania,0.87867,0.81325,0.35733,0.14272,0.06413,,,,,,,
2015,91,Asia,Bosnia and Herzegovina,0.83223,0.79081,0.09245,0.24808,0.00227,,,,,,,
2015,92,Asia,Dominican Republic,0.89537,0.66825,0.57672,0.21684,0.14234,,,,,,,
2015,93,Asia,Mongolia,0.82819,0.60268,0.43626,0.3323,0.02666,,,,,,,
2015,94,Asia,Greece,1.15406,0.88213,0.07699,0,0.01397,,,,,,,
2015,95,Africa,Lebanon,1.02564,0.83947,0.33916,0.21854,0.04582,,,,,,,
2015,96,Europe,Hungary,1.12094,0.75905,0.32112,0.128,0.02758,,,,,,,
2015,97,Africa,Honduras,0.59532,0.6951,0.40148,0.23027,0.06825,,,,,,,
2015,98,Africa,Tajikistan,0.39047,0.57379,0.47216,0.22974,0.15072,,,,,,,
2015,99,Asia,Tunisia,0.88113,0.73793,0.26268,0.06431,0.06358,,,,,,,
2015,100,Africa,Palestinian Territories,0.59867,0.66015,0.24499,0.11251,0.12905,,,,,,,
2015,101,Africa,Bangladesh,0.39753,0.60164,0.4082,0.21222,0.12569,,,,,,,
2015,102,Africa,Iran,1.0088,0.69805,0.30033,0.38086,0.05863,,,,,,,
2015,103,Africa,Ukraine,0.79907,0.6739,0.25123,0.15275,0.02961,,,,,,,
2015,104,Africa,Iraq,0.98549,0.60237,0,0.17922,0.13788,,,,,,,
2015,105,Europe,South Africa,0.92049,0.27688,0.33207,0.11973,0.08884,,,,,,,
2015,106,South America,Ghana,0.54558,0.40132,0.42342,0.23087,0.04355,,,,,,,
2015,107,Africa,Zimbabwe,0.271,0.33475,0.25861,0.18987,0.08079,,,,,,,
2015,108,Africa,Liberia,0.0712,0.34201,0.28531,0.24362,0.06232,,,,,,,
2015,109,Africa,India,0.64499,0.51529,0.39786,0.26475,0.08492,,,,,,,
2015,110,Africa,Haiti,0.26673,0.38847,0.24425,0.46187,0.17175,,,,,,,
2015,111,Africa,Congo (Kinshasa),0,0.09806,0.22605,0.24834,0.07625,,,,,,,
2015,112,Asia,Nepal,0.35997,0.56874,0.38282,0.32296,0.05907,,,,,,,
2015,113,Asia,Ethiopia,0.19073,0.44055,0.4345,0.24325,0.15048,,,,,,,
2015,114,Africa,Sierra Leone,0.33024,0,0.4084,0.21488,0.08786,,,,,,,
2015,115,Europe,Mauritania,0.45407,0.35874,0.24232,0.219,0.17461,,,,,,,
2015,116,Africa,Kenya,0.36471,0.41435,0.42215,0.37542,0.05839,,,,,,,
2015,117,Africa,Armenia,0.76821,0.7299,0.19847,0.07855,0.039,,,,,,,
2015,118,Africa,Botswana,0.99355,0.04776,0.49495,0.10461,0.12474,,,,,,,
2015,119,Asia,Myanmar,0.27108,0.48246,0.44017,0.79588,0.19034,,,,,,,
2015,120,Asia,Georgia,0.7419,0.72926,0.40577,0.05547,0.38331,,,,,,,
2015,121,Africa,Malawi,0.01604,0.22562,0.43054,0.33128,0.06977,,,,,,,
2015,122,Africa,Sri Lanka,0.83524,0.70806,0.53726,0.40828,0.09179,,,,,,,
2015,123,Africa,Cameroon,0.4225,0.23402,0.49309,0.20618,0.05786,,,,,,,
2015,124,Asia,Bulgaria,1.01216,0.76649,0.30587,0.11921,0.00872,,,,,,,
2015,125,Asia,Egypt,0.8818,0.61712,0.17288,0.11291,0.06324,,,,,,,
2015,126,Africa,Yemen,0.54649,0.40064,0.35571,0.09131,0.07854,,,,,,,
2015,127,Europe,Mali,0.26074,0.20583,0.38857,0.18798,0.12352,,,,,,,
2015,128,Africa,Congo (Brazzaville),0.67866,0.31051,0.41466,0.12388,0.11686,,,,,,,
2015,129,Africa,Uganda,0.21102,0.33861,0.45727,0.29066,0.07267,,,,,,,
2015,130,Africa,Senegal,0.36498,0.4354,0.36772,0.20843,0.10713,,,,,,,
2015,131,Africa,Gabon,1.06024,0.43372,0.31914,0.06822,0.11091,,,,,,,
2015,132,Africa,Niger,0.0694,0.29707,0.47692,0.19387,0.15639,,,,,,,
2015,133,Asia,Cambodia,0.46038,0.61114,0.66246,0.40359,0.07247,,,,,,,
2015,134,Africa,Tanzania,0.2852,0.38215,0.32878,0.34377,0.05747,,,,,,,
2015,135,Africa,Madagascar,0.20824,0.46721,0.19184,0.21333,0.08124,,,,,,,
2015,136,Africa,Chad,0.34193,0.1501,0.23501,0.18386,0.05269,,,,,,,
2015,137,Africa,Guinea,0.17417,0.24009,0.37725,0.28657,0.12139,,,,,,,
2015,138,North America,Ivory Coast,0.46534,0.15185,0.46866,0.20165,0.17922,,,,,,,
2015,139,Africa,Burkina Faso,0.25812,0.27125,0.39493,0.21747,0.12832,,,,,,,
2015,140,Asia,Afghanistan,0.31982,0.30335,0.23414,0.3651,0.09719,,,,,,,
2015,141,Africa,Rwanda,0.22208,0.42864,0.59201,0.22628,0.55191,,,,,,,
2015,142,Asia,Benin,0.28665,0.3191,0.4845,0.1826,0.0801,,,,,,,
2015,143,Africa,Syria,0.6632,0.72193,0.15684,0.47179,0.18906,,,,,,,
2015,144,Africa,Burundi,0.0153,0.22396,0.1185,0.19727,0.10062,,,,,,,
2015,145,Asia,Togo,0.20868,0.28443,0.36453,0.16681,0.10731,,,,,,,
